{
  "custom properties": [],
  "externalUrl": "",
  "predictionVariable": "",
  "modelVersionName": "4.0",
  "trainTable": "/dataTables/dataSources/cas~fs~cas-shared-default~fs~Public/tables/HMEQ_TRAIN",
  "trainCodeType": "",
  "description": "Decision Tree",
  "tool": "Model Studio",
  "toolVersion": "8.3",
  "targetVariable": "BAD",
  "scoreCodeType": "dataStep",
  "externalModelId": "0895f86a-dff5-4b5e-ab40-f7a53f476979",
  "createdBy": "edmdev",
  "function": "classification",
  "eventProbVar": "EM_EVENTPROBABILITY",
  "modeler": "sasdemo",
  "name": "QS_Tree1",
  "modifiedTimeStamp": "2022-11-30T08:06:18 UTC",
  "modifiedBy": "edmdev",
  "id": "e2c7eb8e-6147-4b72-9164-53c3fe0b64fe",
  "creationTimeStamp": "2022-11-30T06:48:41 UTC",
  "targetEvent": "1",
  "targetLevel": "BINARY",
  "algorithm": "tree"
}
